{
"lengthUnit": "mil",
"components": {
	"fields": ["COMPONENT_NO", "COMPONENT_NAME", "LAYER", "X_COORDINATE", "Y_COORDINATE", "ANGLE"],
	"rows": [
		[1, "BAT+", "T", 1140, 285, 0],
		[2, "BOOT", "T", 1595, 270, 270],
		[3, "BTN", "T", 1399.92, 71.86, 180],
		[4, "BUZZER1", "T", 1320, 1555, 180],
		[5, "C1", "T", 1305, 445, 315],
		[6, "C2", "T", 348.62, 39.31, 180],
		[7, "C3", "B", 1215, 95, 90],
		[8, "C4", "T", 553.62, 440.52, 180],
		[9, "C5", "T", 425, 365, 90],
		[10, "C6", "T", 450, 440, 180],
		[11, "C7", "T", 820, 480, 90],
		[12, "C8", "T", 915.87, 526.86, 0],
		[13, "C9", "T", 915, 310, 0],
		[14, "C14", "B", 370, 1225, 90],
		[15, "C15", "B", 425, 1210, 90],
		[16, "C16", "B", 390, 1430, 180],
		[17, "C17", "B", 710, 510, 135],
		[18, "C18", "B", 565, 645, 0],
		[19, "C19", "T", 1215, 355, 180],
		[20, "C20", "T", 1215, 405, 180],
		[21, "C21", "T", 1130, 515, 180],
		[22, "C22", "B", 470, 1030, 90],
		[23, "C32", "B", 1523.54, 288.54, 90],
		[24, "C33", "B", 1470, 290, 90],
		[25, "C36", "B", 1250, 290, 90],
		[26, "C37", "B", 1345, 370, 180],
		[27, "C42", "T", 1326.86, 853.4, 270],
		[28, "C43", "T", 1276.86, 853.4, 270],
		[29, "C44", "T", 1495, 805, 0],
		[30, "C45", "B", 1445, 1165, 0],
		[31, "C46", "B", 675, 1331, 90],
		[32, "C47", "B", 625, 1331, 90],
		[33, "C48", "B", 315, 1560, 0],
		[34, "C49", "B", 1310, 1070, 0],
		[35, "CARD1", "B", 1409.83, 791.7, 270],
		[36, "Charge", "B", 953, 96, 0],
		[37, "D2", "T", 1395, 385, 0],
		[38, "D3", "T", 1375, 170, 0],
		[39, "D4", "B", 1020, 690, 180],
		[40, "GPS", "T", 390, 870, 270],
		[41, "H1", "B", 2214.96, 1245.04, 270],
		[42, "H3", "T", -380, 320, 0],
		[43, "H4", "T", 2300, 555, 270],
		[44, "H5", "T", 2324.96, 1240.04, 270],
		[45, "I2C", "T", 130, 760, 270],
		[46, "I2S", "T", 1535, 540, 90],
		[47, "LED1", "T", 65, 595, 0],
		[48, "Q1", "T", 1320, 1380, 270],
		[49, "Q2", "T", 1375, 280, 90],
		[50, "Q3", "B", 1290, 1530, 270],
		[51, "Q4", "B", 1440, 1530, 90],
		[52, "Q5", "T", 500, 145, 270],
		[53, "R1", "B", 1105, 70, 0],
		[54, "R2", "B", 1002, 157, 180],
		[55, "R6", "B", 495, 1235, 0],
		[56, "R7", "B", 165, 1290, 90],
		[57, "R8", "T", 1232, 1337, 270],
		[58, "R40", "T", 1205, 455, 180],
		[59, "R41", "T", 1120, 370, 0],
		[60, "R42", "B", 1490, 1300, 0],
		[61, "R43", "B", 1545, 1190, 0],
		[62, "R44", "T", 1480, 1605, 270],
		[63, "R46", "T", 165, 605, 0],
		[64, "R47", "B", 150, 325, 180],
		[65, "R48", "B", 160, 425, 90],
		[66, "R49", "T", 1505, 315, 90],
		[67, "R53", "T", 353.62, 94.31, 0],
		[68, "R54", "T", 260, 95, 0],
		[69, "R55", "B", 1431, 180, 180],
		[70, "R56", "T", 1465, 180, 90],
		[71, "R57", "T", 1510, 180, 270],
		[72, "R58", "T", 1346.86, 663.4, 0],
		[73, "R59", "T", 1346.86, 708.4, 0],
		[74, "R60", "T", 1346.86, 753.4, 0],
		[75, "R61", "T", 1376.86, 848.4, 90],
		[76, "R62", "B", 1345, 1430, 180],
		[77, "R63", "B", 1385, 1630, 0],
		[78, "R64", "T", 400, 1330, 90],
		[79, "R65", "T", 390, 155, 180],
		[80, "R66", "T", 335, 205, 0],
		[81, "R67", "T", 515, 255, 0],
		[82, "R68", "T", 360, 380, 90],
		[83, "R69", "T", 635, 360, 270],
		[84, "R70", "T", 505, 505, 180],
		[85, "R71", "B", 1060, 820, 90],
		[86, "R72", "B", 885, 817, 90],
		[87, "R73", "B", 625, 1225, 270],
		[88, "R74", "B", 675, 1225, 270],
		[89, "R75", "B", -845, 1390, 0],
		[90, "R76", "B", -845, 1435, 0],
		[91, "RST", "T", 315, 1595, 0],
		[92, "SCREW1", "T", 80, 1585, 0],
		[93, "SCREW2", "T", 1585, 1585, 0],
		[94, "SCREW3", "T", 80, 80, 0],
		[95, "SCREW4", "T", 1585, 80, 0],
		[96, "SPI", "T", 815, 140, 0],
		[97, "U1", "T", 1937.5, 1242.5, 270],
		[98, "U2", "B", 2000, 565, 0],
		[99, "U4", "T", 1080, 435, 180],
		[100, "U11", "B", 690, 630, 0],
		[101, "U12", "B", 455, 1335, 270],
		[102, "U16", "B", 1370, 275, 270],
		[103, "U17", "B", 1120, 170, 90],
		[104, "U18", "T", 516.79, 357.58, 180],
		[105, "U19", "T", 925.09, 423.75, 90],
		[106, "U27", "T", 1510, 910, 180],
		[107, "U28", "B", 1301, 1221, 270],
		[108, "U29", "T", 832.68, 1010, 0],
		[109, "U32", "T", -524.84, 1528.16, 0],
		[110, "U33", "B", -594.84, 1183.16, 90],
		[111, "U34", "T", 2020, 465, 0],
		[112, "U35", "B", -189.84, 1323.16, 270],
		[113, "UART", "T", 1500, 1240, 90],
		[114, "USB", "T", 147, 355, 270],
		[115, "VIN+", "T", 285, 1360, 270],
		[116, "vout+", "T", 285, 1050, 270],
		[117, "X2", "T", -378.22, 488.37, 180]
	]
},
"pins": {
	"fields": ["PIN_NO", "PIN_NAME", "PIN_X", "PIN_Y", "LAYER", "PIN_TYPE", "NET_NAME", "NET_TYPE", "PAD_SHAPE", "PAD_SIZEX", "PAD_SIZEY", "HOLE_SIZE", "PAD_ANGLE"],
	"rows": [
		[1, "BAT+_1", 1090.8, 285, "T", "DIP", "GND", "GND", "C", 60, 60, 39.4, 0],
		[2, "BAT+_1", 1090.8, 285, "B", "DIP", "GND", "GND", "C", 60, 60, 39.4, 0],
		[3, "BAT+_2", 1189.2, 285, "T", "DIP", "VBAT", "", "C", 60, 60, 39.4, 0],
		[4, "BAT+_2", 1189.2, 285, "B", "DIP", "VBAT", "", "C", 60, 60, 39.4, 0],
		[5, "BOOT_1", 1562.52, 336.93, "T", "SMD", "ESP_IO0", "", "R", 23.62, 51.18, 0, 270],
		[6, "BOOT_2", 1562.52, 203.07, "T", "SMD", "GND", "GND", "R", 23.62, 51.18, 0, 270],
		[7, "BOOT_3", 1627.48, 179.45, "T", "SMD", "BOOT_3", "", "R", 23.62, 47.24, 0, 90],
		[8, "BOOT_4", 1627.48, 360.55, "T", "SMD", "BOOT_4", "", "R", 23.62, 47.24, 0, 90],
		[9, "BTN_1", 1466.85, 104.34, "T", "SMD", "$1N33595", "", "R", 23.62, 51.18, 0, 180],
		[10, "BTN_2", 1332.99, 104.34, "T", "SMD", "V_OUT", "", "R", 23.62, 51.18, 0, 180],
		[11, "BTN_3", 1309.37, 39.38, "T", "SMD", "BTN_3", "", "R", 23.62, 47.24, 0, 0],
		[12, "BTN_4", 1490.47, 39.38, "T", "SMD", "BTN_4", "", "R", 23.62, 47.24, 0, 0],
		[13, "BUZZER1_1", 1410.55, 1623.89, "T", "SMD", "$1N22569", "", "R", 66.93, 27.56, 0, 180],
		[14, "BUZZER1_2", 1229.45, 1623.89, "T", "SMD", "$1N9978", "", "R", 66.93, 27.56, 0, 180],
		[15, "BUZZER1_3", 1410.55, 1486.11, "T", "SMD", "GND", "GND", "R", 66.93, 27.56, 0, 180],
		[16, "C1_1", 1289.83, 460.17, "T", "SMD", "GND", "GND", "R", 31.11, 21.26, 0, 315],
		[17, "C1_2", 1320.17, 429.83, "T", "SMD", "V_OUT", "", "R", 31.11, 21.26, 0, 315],
		[18, "C2_1", 370.08, 39.31, "T", "SMD", "VBAT", "", "R", 31.11, 21.26, 0, 180],
		[19, "C2_2", 327.16, 39.31, "T", "SMD", "GND", "GND", "R", 31.11, 21.26, 0, 180],
		[20, "C3_1", 1215, 73.54, "B", "SMD", "GND", "GND", "R", 31.11, 21.26, 0, 90],
		[21, "C3_2", 1215, 116.46, "B", "SMD", "VIN", "", "R", 31.11, 21.26, 0, 90],
		[22, "C4_1", 575.08, 440.52, "T", "SMD", "$1N23529", "", "R", 31.11, 21.26, 0, 180],
		[23, "C4_2", 532.16, 440.52, "T", "SMD", "GND", "GND", "R", 31.11, 21.26, 0, 180],
		[24, "C5_1", 425, 343.54, "T", "SMD", "GND", "GND", "R", 31.11, 21.26, 0, 90],
		[25, "C5_2", 425, 386.46, "T", "SMD", "3.3V", "", "R", 31.11, 21.26, 0, 90],
		[26, "C6_1", 471.46, 440, "T", "SMD", "GND", "GND", "R", 31.11, 21.26, 0, 180],
		[27, "C6_2", 428.54, 440, "T", "SMD", "3.3V", "", "R", 31.11, 21.26, 0, 180],
		[28, "C7_1", 820, 432.76, "T", "SMD", "$1N6161", "", "R", 59.05, 53.5, 0, 90],
		[29, "C7_2", 820, 527.24, "T", "SMD", "GND", "GND", "R", 59.05, 53.5, 0, 90],
		[30, "C8_1", 894.41, 526.86, "T", "SMD", "$1N6282", "", "R", 31.11, 21.26, 0, 0],
		[31, "C8_2", 937.33, 526.86, "T", "SMD", "SETC", "", "R", 31.11, 21.26, 0, 0],
		[32, "C9_1", 893.54, 310, "T", "SMD", "GND", "GND", "R", 31.11, 21.26, 0, 0],
		[33, "C9_2", 936.46, 310, "T", "SMD", "3.3V", "", "R", 31.11, 21.26, 0, 0],
		[34, "C14_1", 370, 1203.54, "B", "SMD", "GND", "GND", "R", 31.11, 21.26, 0, 90],
		[35, "C14_2", 370, 1246.46, "B", "SMD", "3.3V", "", "R", 31.11, 21.26, 0, 90],
		[36, "C15_1", 425, 1188.54, "B", "SMD", "GND", "GND", "R", 31.11, 21.26, 0, 90],
		[37, "C15_2", 425, 1231.46, "B", "SMD", "3.3V", "", "R", 31.11, 21.26, 0, 90],
		[38, "C16_1", 411.46, 1430, "B", "SMD", "VOUT+", "", "R", 31.11, 21.26, 0, 180],
		[39, "C16_2", 368.54, 1430, "B", "SMD", "VIN+", "", "R", 31.11, 21.26, 0, 180],
		[40, "C17_1", 725.17, 494.83, "B", "SMD", "GND", "GND", "R", 31.11, 21.26, 0, 135],
		[41, "C17_2", 694.83, 525.17, "B", "SMD", "3.3V", "", "R", 31.11, 21.26, 0, 135],
		[42, "C18_1", 543.54, 645, "B", "SMD", "GND", "GND", "R", 31.11, 21.26, 0, 0],
		[43, "C18_2", 586.46, 645, "B", "SMD", "3.3V", "", "R", 31.11, 21.26, 0, 0],
		[44, "C19_1", 1236.46, 355, "T", "SMD", "GND", "GND", "R", 31.11, 21.26, 0, 180],
		[45, "C19_2", 1193.54, 355, "T", "SMD", "3.3V", "", "R", 31.11, 21.26, 0, 180],
		[46, "C20_1", 1236.46, 405, "T", "SMD", "GND", "GND", "R", 31.11, 21.26, 0, 180],
		[47, "C20_2", 1193.54, 405, "T", "SMD", "3.3V", "", "R", 31.11, 21.26, 0, 180],
		[48, "C21_1", 1151.46, 515, "T", "SMD", "GND", "GND", "R", 31.11, 21.26, 0, 180],
		[49, "C21_2", 1108.54, 515, "T", "SMD", "$1N12564", "", "R", 31.11, 21.26, 0, 180],
		[50, "C22_1", 470, 1008.54, "B", "SMD", "GND", "GND", "R", 31.11, 21.26, 0, 90],
		[51, "C22_2", 470, 1051.46, "B", "SMD", "3.3V", "", "R", 31.11, 21.26, 0, 90],
		[52, "C32_1", 1523.54, 267.08, "B", "SMD", "GND", "GND", "R", 31.11, 21.26, 0, 90],
		[53, "C32_2", 1523.54, 310, "B", "SMD", "V_OUT", "", "R", 31.11, 21.26, 0, 90],
		[54, "C33_1", 1470, 268.54, "B", "SMD", "GND", "GND", "R", 31.11, 21.26, 0, 90],
		[55, "C33_2", 1470, 311.46, "B", "SMD", "V_OUT", "", "R", 31.11, 21.26, 0, 90],
		[56, "C36_1", 1250, 268.54, "B", "SMD", "GND", "GND", "R", 31.11, 21.26, 0, 90],
		[57, "C36_2", 1250, 311.46, "B", "SMD", "3.3V", "", "R", 31.11, 21.26, 0, 90],
		[58, "C37_1", 1366.46, 370, "B", "SMD", "GND", "GND", "R", 31.11, 21.26, 0, 180],
		[59, "C37_2", 1323.54, 370, "B", "SMD", "3.3V", "", "R", 31.11, 21.26, 0, 180],
		[60, "C42_1", 1326.86, 874.86, "T", "SMD", "GND", "GND", "R", 31.11, 21.26, 0, 270],
		[61, "C42_2", 1326.86, 831.94, "T", "SMD", "3.3V", "", "R", 31.11, 21.26, 0, 270],
		[62, "C43_1", 1276.86, 874.86, "T", "SMD", "GND", "GND", "R", 31.11, 21.26, 0, 270],
		[63, "C43_2", 1276.86, 831.94, "T", "SMD", "3.3V", "", "R", 31.11, 21.26, 0, 270],
		[64, "C44_1", 1473.54, 805, "T", "SMD", "3.3V", "", "R", 31.11, 21.26, 0, 0],
		[65, "C44_2", 1516.46, 805, "T", "SMD", "GND", "GND", "R", 31.11, 21.26, 0, 0],
		[66, "C45_1", 1423.54, 1165, "B", "SMD", "3.3V", "", "R", 31.11, 21.26, 0, 0],
		[67, "C45_2", 1466.46, 1165, "B", "SMD", "GND", "GND", "R", 31.11, 21.26, 0, 0],
		[68, "C46_1", 675, 1309.54, "B", "SMD", "3.3V", "", "R", 31.11, 21.26, 0, 90],
		[69, "C46_2", 675, 1352.46, "B", "SMD", "GND", "GND", "R", 31.11, 21.26, 0, 90],
		[70, "C47_1", 625, 1309.54, "B", "SMD", "3.3V", "", "R", 31.11, 21.26, 0, 90],
		[71, "C47_2", 625, 1352.46, "B", "SMD", "GND", "GND", "R", 31.11, 21.26, 0, 90],
		[72, "C48_1", 293.54, 1560, "B", "SMD", "ESP_RST", "", "R", 31.11, 21.26, 0, 0],
		[73, "C48_2", 336.46, 1560, "B", "SMD", "GND", "GND", "R", 31.11, 21.26, 0, 0],
		[74, "C49_1", 1288.54, 1070, "B", "SMD", "GND", "GND", "R", 31.11, 21.26, 0, 0],
		[75, "C49_2", 1331.46, 1070, "B", "SMD", "VIN", "", "R", 31.11, 21.26, 0, 0],
		[76, "CARD1_1", 1545.83, 665, "B", "SMD", "DATA2", "", "R", 29.5, 53.2, 0, 270],
		[77, "CARD1_2", 1545.83, 708.3, "B", "SMD", "DATA3", "", "R", 29.5, 53.2, 0, 270],
		[78, "CARD1_3", 1545.83, 751.6, "B", "SMD", "SD_CMD", "", "R", 29.5, 53.2, 0, 270],
		[79, "CARD1_4", 1545.83, 794.9, "B", "SMD", "3.3V", "", "R", 29.5, 53.2, 0, 270],
		[80, "CARD1_5", 1545.83, 838.3, "B", "SMD", "SD_SCLK", "", "R", 29.5, 53.2, 0, 270],
		[81, "CARD1_6", 1545.83, 881.6, "B", "SMD", "GND", "GND", "R", 29.5, 53.2, 0, 270],
		[82, "CARD1_7", 1545.83, 924.9, "B", "SMD", "DATA0", "", "R", 29.5, 53.2, 0, 270],
		[83, "CARD1_8", 1545.83, 967.4, "B", "SMD", "DATA1", "", "R", 29.5, 53.2, 0, 270],
		[84, "CARD1_9", 1545.83, 625.7, "B", "SMD", "CARD1_9", "", "R", 29.5, 53.2, 0, 270],
		[85, "CARD1_10", 1309.63, 576.5, "B", "SMD", "GND", "GND", "R", 47.2, 47.2, 0, 270],
		[86, "CARD1_11", 1203.93, 578.5, "B", "SMD", "GND", "GND", "R", 43.3, 27.6, 0, 270],
		[87, "CARD1_12", 1211.23, 642.3, "B", "SMD", "GND", "GND", "R", 55.1, 43.3, 0, 270],
		[88, "CARD1_13", 1211.23, 940.6, "B", "SMD", "GND", "GND", "R", 55.1, 43.3, 0, 270],
		[89, "CARD1_14", 1203.93, 1004.8, "B", "SMD", "GND", "GND", "R", 43.3, 27.6, 0, 270],
		[90, "CARD1_15", 1377.53, 1013.4, "B", "SMD", "GND", "GND", "R", 39.4, 59.1, 0, 270],
		[91, "CARD1_16", 1615.73, 989.8, "B", "SMD", "GND", "GND", "R", 78.7, 63, 0, 270],
		[92, "CARD1_17", 1615.73, 592.2, "B", "SMD", "GND", "GND", "R", 78.7, 63, 0, 270],
		[93, "CARD1_18", 1405.13, 570, "B", "SMD", "GND", "GND", "R", 39.4, 59.1, 0, 270],
		[94, "Charge_1", 921.52, 96.13, "B", "SMD", "$1N5288", "", "R", 31.5, 31.5, 0, 270],
		[95, "Charge_2", 984.48, 95.86, "B", "SMD", "$1N5387", "", "R", 31.5, 31.5, 0, 270],
		[96, "D2_1", 1348.84, 385, "T", "SMD", "V_OUT", "", "R", 39.37, 29.53, 0, 0],
		[97, "D2_2", 1441.16, 385, "T", "SMD", "VIN", "", "R", 39.37, 29.53, 0, 0],
		[98, "D3_1", 1328.84, 170, "T", "SMD", "3.3V_EN", "", "R", 39.37, 29.53, 0, 0],
		[99, "D3_2", 1421.16, 170, "T", "SMD", "KEY", "", "R", 39.37, 29.53, 0, 0],
		[100, "D4_1", 1066.16, 690, "B", "SMD", "3.3V_EN", "", "R", 39.37, 29.53, 0, 180],
		[101, "D4_2", 973.84, 690, "B", "SMD", "$1N33198", "", "R", 39.37, 29.53, 0, 180],
		[102, "GPS_1", 390, 1070, "T", "DIP", "3.3V", "", "R", 62, 62, 40.16, 270],
		[103, "GPS_1", 390, 1070, "B", "DIP", "3.3V", "", "R", 62, 62, 40.16, 270],
		[104, "GPS_2", 390, 970, "T", "DIP", "GND", "GND", "C", 62, 62, 40.16, 270],
		[105, "GPS_2", 390, 970, "B", "DIP", "GND", "GND", "C", 62, 62, 40.16, 270],
		[106, "GPS_3", 390, 870, "T", "DIP", "RXD", "", "C", 62, 62, 40.16, 270],
		[107, "GPS_3", 390, 870, "B", "DIP", "RXD", "", "C", 62, 62, 40.16, 270],
		[108, "GPS_4", 390, 770, "T", "DIP", "TXD", "", "C", 62, 62, 40.16, 270],
		[109, "GPS_4", 390, 770, "B", "DIP", "TXD", "", "C", 62, 62, 40.16, 270],
		[110, "GPS_5", 390, 670, "T", "DIP", "GPS_5", "", "C", 62, 62, 40.16, 270],
		[111, "GPS_5", 390, 670, "B", "DIP", "GPS_5", "", "C", 62, 62, 40.16, 270],
		[112, "H1_1", 2214.96, 1445.04, "T", "DIP", "EUART_3.3V", "", "R", 66.93, 66.93, 43.31, 270],
		[113, "H1_1", 2214.96, 1445.04, "B", "DIP", "EUART_3.3V", "", "R", 66.93, 66.93, 43.31, 270],
		[114, "H1_2", 2214.96, 1345.04, "T", "DIP", "EUART_GND", "", "C", 66.93, 66.93, 43.31, 270],
		[115, "H1_2", 2214.96, 1345.04, "B", "DIP", "EUART_GND", "", "C", 66.93, 66.93, 43.31, 270],
		[116, "H1_3", 2214.96, 1245.04, "T", "DIP", "EUART_RXD", "", "C", 66.93, 66.93, 43.31, 270],
		[117, "H1_3", 2214.96, 1245.04, "B", "DIP", "EUART_RXD", "", "C", 66.93, 66.93, 43.31, 270],
		[118, "H1_4", 2214.96, 1145.04, "T", "DIP", "EUART_TXD", "", "C", 66.93, 66.93, 43.31, 270],
		[119, "H1_4", 2214.96, 1145.04, "B", "DIP", "EUART_TXD", "", "C", 66.93, 66.93, 43.31, 270],
		[120, "H1_5", 2214.96, 1045.04, "T", "DIP", "H1_5", "", "C", 66.93, 66.93, 43.31, 270],
		[121, "H1_5", 2214.96, 1045.04, "B", "DIP", "H1_5", "", "C", 66.93, 66.93, 43.31, 270],
		[122, "H3_1", -630, 320, "T", "DIP", "ESPI_3.3V", "", "R", 66.93, 66.93, 43.31, 0],
		[123, "H3_1", -630, 320, "B", "DIP", "ESPI_3.3V", "", "R", 66.93, 66.93, 43.31, 0],
		[124, "H3_2", -530, 320, "T", "DIP", "ESPI_GND", "", "C", 66.93, 66.93, 43.31, 0],
		[125, "H3_2", -530, 320, "B", "DIP", "ESPI_GND", "", "C", 66.93, 66.93, 43.31, 0],
		[126, "H3_3", -430, 320, "T", "DIP", "ESPI_SCLK", "", "C", 66.93, 66.93, 43.31, 0],
		[127, "H3_3", -430, 320, "B", "DIP", "ESPI_SCLK", "", "C", 66.93, 66.93, 43.31, 0],
		[128, "H3_4", -330, 320, "T", "DIP", "ESPI_MOSI", "", "C", 66.93, 66.93, 43.31, 0],
		[129, "H3_4", -330, 320, "B", "DIP", "ESPI_MOSI", "", "C", 66.93, 66.93, 43.31, 0],
		[130, "H3_5", -230, 320, "T", "DIP", "ESPI_MISO", "", "C", 66.93, 66.93, 43.31, 0],
		[131, "H3_5", -230, 320, "B", "DIP", "ESPI_MISO", "", "C", 66.93, 66.93, 43.31, 0],
		[132, "H3_6", -130, 320, "T", "DIP", "ESPI_CS", "", "C", 66.93, 66.93, 43.31, 0],
		[133, "H3_6", -130, 320, "B", "DIP", "ESPI_CS", "", "C", 66.93, 66.93, 43.31, 0],
		[134, "H4_1", 2300, 705, "T", "DIP", "GROVE_GND", "", "R", 66.93, 66.93, 43.31, 270],
		[135, "H4_1", 2300, 705, "B", "DIP", "GROVE_GND", "", "R", 66.93, 66.93, 43.31, 270],
		[136, "H4_2", 2300, 605, "T", "DIP", "GROVE_3.3V", "", "C", 66.93, 66.93, 43.31, 270],
		[137, "H4_2", 2300, 605, "B", "DIP", "GROVE_3.3V", "", "C", 66.93, 66.93, 43.31, 270],
		[138, "H4_3", 2300, 505, "T", "DIP", "GROVE_SCL", "", "C", 66.93, 66.93, 43.31, 270],
		[139, "H4_3", 2300, 505, "B", "DIP", "GROVE_SCL", "", "C", 66.93, 66.93, 43.31, 270],
		[140, "H4_4", 2300, 405, "T", "DIP", "GROVE_SDA", "", "C", 66.93, 66.93, 43.31, 270],
		[141, "H4_4", 2300, 405, "B", "DIP", "GROVE_SDA", "", "C", 66.93, 66.93, 43.31, 270],
		[142, "H5_1", 2324.96, 1390.04, "T", "DIP", "EUART_GND", "", "R", 66.93, 66.93, 43.31, 270],
		[143, "H5_1", 2324.96, 1390.04, "B", "DIP", "EUART_GND", "", "R", 66.93, 66.93, 43.31, 270],
		[144, "H5_2", 2324.96, 1290.04, "T", "DIP", "EUART_3.3V", "", "C", 66.93, 66.93, 43.31, 270],
		[145, "H5_2", 2324.96, 1290.04, "B", "DIP", "EUART_3.3V", "", "C", 66.93, 66.93, 43.31, 270],
		[146, "H5_3", 2324.96, 1190.04, "T", "DIP", "EUART_RXD", "", "C", 66.93, 66.93, 43.31, 270],
		[147, "H5_3", 2324.96, 1190.04, "B", "DIP", "EUART_RXD", "", "C", 66.93, 66.93, 43.31, 270],
		[148, "H5_4", 2324.96, 1090.04, "T", "DIP", "EUART_TXD", "", "C", 66.93, 66.93, 43.31, 270],
		[149, "H5_4", 2324.96, 1090.04, "B", "DIP", "EUART_TXD", "", "C", 66.93, 66.93, 43.31, 270],
		[150, "I2C_1", 196.93, 819.05, "T", "SMD", "SDA1", "", "R", 19.68, 66.93, 0, 270],
		[151, "I2C_2", 196.93, 779.68, "T", "SMD", "SCL1", "", "R", 19.68, 66.93, 0, 270],
		[152, "I2C_3", 196.93, 740.31, "T", "SMD", "GND", "GND", "R", 19.68, 66.93, 0, 270],
		[153, "I2C_4", 196.93, 700.94, "T", "SMD", "3.3V", "", "R", 19.68, 66.93, 0, 270],
		[154, "I2C_5", 63.07, 657.64, "T", "SMD", "GND", "GND", "R", 47.24, 98.42, 0, 270],
		[155, "I2C_6", 63.07, 862.36, "T", "SMD", "GND", "GND", "R", 47.24, 98.42, 0, 270],
		[156, "I2S_1", 1468.07, 461.26, "T", "SMD", "I2S1_DAT", "", "R", 19.68, 66.93, 0, 90],
		[157, "I2S_2", 1468.07, 500.63, "T", "SMD", "I2S1_SCK", "", "R", 19.68, 66.93, 0, 90],
		[158, "I2S_3", 1468.07, 540, "T", "SMD", "I2S1_WS", "", "R", 19.68, 66.93, 0, 90],
		[159, "I2S_4", 1468.07, 579.38, "T", "SMD", "GND", "GND", "R", 19.68, 66.93, 0, 90],
		[160, "I2S_5", 1468.07, 618.75, "T", "SMD", "3.3V", "", "R", 19.68, 66.93, 0, 90],
		[161, "I2S_6", 1601.93, 662.04, "T", "SMD", "GND", "GND", "R", 47.24, 98.42, 0, 90],
		[162, "I2S_7", 1601.93, 417.96, "T", "SMD", "GND", "GND", "R", 47.24, 98.42, 0, 90],
		[163, "LED1_1", 33.52, 594.87, "T", "SMD", "LED", "", "R", 31.5, 31.5, 0, 90],
		[164, "LED1_2", 96.48, 595.14, "T", "SMD", "$1N23357", "", "R", 31.5, 31.5, 0, 90],
		[165, "Q1_1", 1282.6, 1340.63, "T", "SMD", "BUZZER", "", "R", 49.21, 27.56, 0, 270],
		[166, "Q1_2", 1357.4, 1340.63, "T", "SMD", "GND", "GND", "R", 49.21, 27.56, 0, 270],
		[167, "Q1_3", 1320, 1419.37, "T", "SMD", "$1N9978", "", "R", 49.21, 27.56, 0, 270],
		[168, "Q2_1", 1412.6, 321.54, "T", "SMD", "VIN", "", "R", 23.62, 35.83, 0, 180],
		[169, "Q2_2", 1337.4, 321.54, "T", "SMD", "V_OUT", "", "R", 23.62, 35.83, 0, 180],
		[170, "Q2_3", 1375, 238.46, "T", "SMD", "VBAT", "", "R", 23.62, 35.83, 0, 180],
		[171, "Q3_1", 1327.4, 1481.38, "B", "SMD", "$1N26665", "", "R", 42.13, 23.62, 0, 270],
		[172, "Q3_2", 1252.6, 1481.38, "B", "SMD", "RTS", "", "R", 42.13, 23.62, 0, 270],
		[173, "Q3_3", 1290, 1578.63, "B", "SMD", "ESP_RST", "", "R", 42.13, 23.62, 0, 270],
		[174, "Q4_1", 1402.6, 1578.63, "B", "SMD", "$1N26669", "", "R", 42.13, 23.62, 0, 90],
		[175, "Q4_2", 1477.4, 1578.63, "B", "SMD", "ESP_IO0", "", "R", 42.13, 23.62, 0, 90],
		[176, "Q4_3", 1440, 1481.38, "B", "SMD", "DTR", "", "R", 42.13, 23.62, 0, 90],
		[177, "Q5_1", 462.6, 105.63, "T", "SMD", "$1N42658", "", "R", 49.21, 27.56, 0, 270],
		[178, "Q5_2", 537.4, 105.63, "T", "SMD", "GND", "GND", "R", 49.21, 27.56, 0, 270],
		[179, "Q5_3", 500, 184.37, "T", "SMD", "$1N45866", "", "R", 49.21, 27.56, 0, 270],
		[180, "R1_1", 1087.96, 70, "B", "SMD", "$1N4694", "", "R", 22.27, 21.26, 0, 0],
		[181, "R1_2", 1122.04, 70, "B", "SMD", "GND", "GND", "R", 22.27, 21.26, 0, 0],
		[182, "R2_1", 1019.04, 157, "B", "SMD", "VIN", "", "R", 22.27, 21.26, 0, 180],
		[183, "R2_2", 984.96, 157, "B", "SMD", "$1N5387", "", "R", 22.27, 21.26, 0, 180],
		[184, "R6_1", 477.96, 1235, "B", "SMD", "3.3V", "", "R", 22.27, 21.26, 0, 0],
		[185, "R6_2", 512.04, 1235, "B", "SMD", "$1N9067", "", "R", 22.27, 21.26, 0, 0],
		[186, "R7_1", 165, 1169.28, "B", "SMD", "VOUT+", "", "R", 78.74, 129.92, 0, 90],
		[187, "R7_2", 165, 1410.72, "B", "SMD", "VIN+", "", "R", 78.74, 129.92, 0, 90],
		[188, "R8_1", 1232, 1354.04, "T", "SMD", "GND", "GND", "R", 22.27, 21.26, 0, 270],
		[189, "R8_2", 1232, 1319.96, "T", "SMD", "BUZZER", "", "R", 22.27, 21.26, 0, 270],
		[190, "R40_1", 1222.04, 455, "T", "SMD", "GND", "GND", "R", 22.27, 21.26, 0, 180],
		[191, "R40_2", 1187.96, 455, "T", "SMD", "$1N12524", "", "R", 22.27, 21.26, 0, 180],
		[192, "R41_1", 1102.96, 370, "T", "SMD", "$1N12564", "", "R", 22.27, 21.26, 0, 0],
		[193, "R41_2", 1137.04, 370, "T", "SMD", "3.3V", "", "R", 22.27, 21.26, 0, 0],
		[194, "R42_1", 1472.96, 1300, "B", "SMD", "$1N18154", "", "R", 22.27, 21.26, 0, 0],
		[195, "R42_2", 1507.04, 1300, "B", "SMD", "GND", "GND", "R", 22.27, 21.26, 0, 0],
		[196, "R43_1", 1527.96, 1190, "B", "SMD", "$1N18150", "", "R", 22.27, 21.26, 0, 0],
		[197, "R43_2", 1562.04, 1190, "B", "SMD", "GND", "GND", "R", 22.27, 21.26, 0, 0],
		[198, "R44_1", 1480, 1622.04, "T", "SMD", "$1N22569", "", "R", 22.27, 21.26, 0, 270],
		[199, "R44_2", 1480, 1587.96, "T", "SMD", "3.3V", "", "R", 22.27, 21.26, 0, 270],
		[200, "R46_1", 147.96, 605, "T", "SMD", "$1N23357", "", "R", 22.27, 21.26, 0, 0],
		[201, "R46_2", 182.04, 605, "T", "SMD", "3.3V", "", "R", 22.27, 21.26, 0, 0],
		[202, "R47_1", 167.04, 325, "B", "SMD", "$1N25676", "", "R", 22.27, 21.26, 0, 180],
		[203, "R47_2", 132.96, 325, "B", "SMD", "GND", "GND", "R", 22.27, 21.26, 0, 180],
		[204, "R48_1", 160, 407.96, "B", "SMD", "$1N25668", "", "R", 22.27, 21.26, 0, 90],
		[205, "R48_2", 160, 442.04, "B", "SMD", "GND", "GND", "R", 22.27, 21.26, 0, 90],
		[206, "R49_1", 1505, 297.96, "T", "SMD", "GND", "GND", "R", 22.27, 21.26, 0, 90],
		[207, "R49_2", 1505, 332.04, "T", "SMD", "VIN", "", "R", 22.27, 21.26, 0, 90],
		[208, "R53_1", 336.58, 94.31, "T", "SMD", "VBAT_AD", "", "R", 22.27, 21.26, 0, 0],
		[209, "R53_2", 370.66, 94.31, "T", "SMD", "VBAT", "", "R", 22.27, 21.26, 0, 0],
		[210, "R54_1", 242.96, 95, "T", "SMD", "GND", "GND", "R", 22.27, 21.26, 0, 0],
		[211, "R54_2", 277.04, 95, "T", "SMD", "VBAT_AD", "", "R", 22.27, 21.26, 0, 0],
		[212, "R55_1", 1448.04, 180, "B", "SMD", "GND", "GND", "R", 22.27, 21.26, 0, 180],
		[213, "R55_2", 1413.96, 180, "B", "SMD", "3.3V_EN", "", "R", 22.27, 21.26, 0, 180],
		[214, "R56_1", 1465, 162.96, "T", "SMD", "$1N33595", "", "R", 22.27, 21.26, 0, 90],
		[215, "R56_2", 1465, 197.04, "T", "SMD", "KEY", "", "R", 22.27, 21.26, 0, 90],
		[216, "R57_1", 1510, 197.04, "T", "SMD", "KEY", "", "R", 22.27, 21.26, 0, 270],
		[217, "R57_2", 1510, 162.96, "T", "SMD", "GND", "GND", "R", 22.27, 21.26, 0, 270],
		[218, "R58_1", 1329.82, 663.4, "T", "SMD", "3.3V", "", "R", 22.27, 21.26, 0, 0],
		[219, "R58_2", 1363.9, 663.4, "T", "SMD", "DATA2", "", "R", 22.27, 21.26, 0, 0],
		[220, "R59_1", 1329.82, 708.4, "T", "SMD", "3.3V", "", "R", 22.27, 21.26, 0, 0],
		[221, "R59_2", 1363.9, 708.4, "T", "SMD", "DATA3", "", "R", 22.27, 21.26, 0, 0],
		[222, "R60_1", 1329.82, 753.4, "T", "SMD", "3.3V", "", "R", 22.27, 21.26, 0, 0],
		[223, "R60_2", 1363.9, 753.4, "T", "SMD", "SD_CMD", "", "R", 22.27, 21.26, 0, 0],
		[224, "R61_1", 1376.86, 831.36, "T", "SMD", "3.3V", "", "R", 22.27, 21.26, 0, 90],
		[225, "R61_2", 1376.86, 865.44, "T", "SMD", "DATA1", "", "R", 22.27, 21.26, 0, 90],
		[226, "R62_1", 1362.04, 1430, "B", "SMD", "DTR", "", "R", 22.27, 21.26, 0, 180],
		[227, "R62_2", 1327.96, 1430, "B", "SMD", "$1N26665", "", "R", 22.27, 21.26, 0, 180],
		[228, "R63_1", 1367.96, 1630, "B", "SMD", "RTS", "", "R", 22.27, 21.26, 0, 0],
		[229, "R63_2", 1402.04, 1630, "B", "SMD", "$1N26669", "", "R", 22.27, 21.26, 0, 0],
		[230, "R64_1", 400, 1312.96, "T", "SMD", "3.3V", "", "R", 22.27, 21.26, 0, 90],
		[231, "R64_2", 400, 1347.04, "T", "SMD", "ESP_RST", "", "R", 22.27, 21.26, 0, 90],
		[232, "R65_1", 407.04, 155, "T", "SMD", "$1N42658", "", "R", 22.27, 21.26, 0, 180],
		[233, "R65_2", 372.96, 155, "T", "SMD", "GND", "GND", "R", 22.27, 21.26, 0, 180],
		[234, "R66_1", 317.96, 205, "T", "SMD", "HEAT", "", "R", 22.27, 21.26, 0, 0],
		[235, "R66_2", 352.04, 205, "T", "SMD", "$1N42658", "", "R", 22.27, 21.26, 0, 0],
		[236, "R67_1", 485.34, 255, "T", "SMD", "$1N45866", "", "R", 31.75, 34.02, 0, 0],
		[237, "R67_2", 544.66, 255, "T", "SMD", "V_OUT", "", "R", 31.75, 34.02, 0, 0],
		[238, "R68_1", 360, 350.34, "T", "SMD", "$1N45866", "", "R", 31.75, 34.02, 0, 90],
		[239, "R68_2", 360, 409.66, "T", "SMD", "V_OUT", "", "R", 31.75, 34.02, 0, 90],
		[240, "R69_1", 635, 389.66, "T", "SMD", "$1N45866", "", "R", 31.75, 34.02, 0, 270],
		[241, "R69_2", 635, 330.34, "T", "SMD", "V_OUT", "", "R", 31.75, 34.02, 0, 270],
		[242, "R70_1", 534.66, 505, "T", "SMD", "$1N45866", "", "R", 31.75, 34.02, 0, 180],
		[243, "R70_2", 475.34, 505, "T", "SMD", "V_OUT", "", "R", 31.75, 34.02, 0, 180],
		[244, "R71_1", 1060, 802.96, "B", "SMD", "SDA", "", "R", 22.27, 21.26, 0, 90],
		[245, "R71_2", 1060, 837.04, "B", "SMD", "3.3V", "", "R", 22.27, 21.26, 0, 90],
		[246, "R72_1", 885, 799.96, "B", "SMD", "SCL", "", "R", 22.27, 21.26, 0, 90],
		[247, "R72_2", 885, 834.04, "B", "SMD", "3.3V", "", "R", 22.27, 21.26, 0, 90],
		[248, "R73_1", 625, 1242.04, "B", "SMD", "3.3V", "", "R", 22.27, 21.26, 0, 270],
		[249, "R73_2", 625, 1207.96, "B", "SMD", "SDA1", "", "R", 22.27, 21.26, 0, 270],
		[250, "R74_1", 675, 1242.04, "B", "SMD", "3.3V", "", "R", 22.27, 21.26, 0, 270],
		[251, "R74_2", 675, 1207.96, "B", "SMD", "SCL1", "", "R", 22.27, 21.26, 0, 270],
		[252, "R75_1", -862.04, 1390, "B", "SMD", "EI2S_GND", "", "R", 22.27, 21.26, 0, 0],
		[253, "R75_2", -827.96, 1390, "B", "SMD", "E12S_GAIN", "", "R", 22.27, 21.26, 0, 0],
		[254, "R76_1", -862.04, 1435, "B", "SMD", "EI2S_GND", "", "R", 22.27, 21.26, 0, 0],
		[255, "R76_2", -827.96, 1435, "B", "SMD", "E12S_SD", "", "R", 22.27, 21.26, 0, 0],
		[256, "RST_1", 248.07, 1562.52, "T", "SMD", "ESP_RST", "", "R", 23.62, 51.18, 0, 0],
		[257, "RST_2", 381.93, 1562.52, "T", "SMD", "GND", "GND", "R", 23.62, 51.18, 0, 0],
		[258, "RST_3", 405.55, 1627.48, "T", "SMD", "RST_3", "", "R", 23.62, 47.24, 0, 180],
		[259, "RST_4", 224.45, 1627.48, "T", "SMD", "RST_4", "", "R", 23.62, 47.24, 0, 180],
		[260, "SCREW1_1", 80, 1585, "T", "DIP", "SCREW1_1", "", "C", 78.74, 78.74, 78.74, 0],
		[261, "SCREW1_1", 80, 1585, "B", "DIP", "SCREW1_1", "", "C", 78.74, 78.74, 78.74, 0],
		[262, "SCREW2_1", 1585, 1585, "T", "DIP", "SCREW2_1", "", "C", 78.74, 78.74, 78.74, 0],
		[263, "SCREW2_1", 1585, 1585, "B", "DIP", "SCREW2_1", "", "C", 78.74, 78.74, 78.74, 0],
		[264, "SCREW3_1", 80, 80, "T", "DIP", "SCREW3_1", "", "C", 78.74, 78.74, 78.74, 0],
		[265, "SCREW3_1", 80, 80, "B", "DIP", "SCREW3_1", "", "C", 78.74, 78.74, 78.74, 0],
		[266, "SCREW4_1", 1585, 80, "T", "DIP", "SCREW4_1", "", "C", 78.74, 78.74, 78.74, 0],
		[267, "SCREW4_1", 1585, 80, "B", "DIP", "SCREW4_1", "", "C", 78.74, 78.74, 78.74, 0],
		[268, "SPI_1", 716.58, 213.62, "T", "SMD", "CS2", "", "R", 23.62, 67.32, 0, 0],
		[269, "SPI_2", 755.95, 213.62, "T", "SMD", "MISO", "", "R", 23.62, 67.32, 0, 0],
		[270, "SPI_3", 795.32, 213.62, "T", "SMD", "MOSI", "", "R", 23.62, 67.32, 0, 0],
		[271, "SPI_4", 834.69, 213.62, "T", "SMD", "SCLK", "", "R", 23.62, 67.32, 0, 0],
		[272, "SPI_5", 874.06, 213.62, "T", "SMD", "GND", "GND", "R", 23.62, 67.32, 0, 0],
		[273, "SPI_6", 913.43, 213.62, "T", "SMD", "3.3V", "", "R", 23.62, 67.32, 0, 0],
		[274, "SPI_7", 957.13, 66.38, "T", "SMD", "GND", "GND", "R", 47.24, 100.39, 0, 0],
		[275, "SPI_8", 672.87, 66.38, "T", "SMD", "GND", "GND", "R", 47.24, 100.39, 0, 0],
		[276, "U1_1", 2061.51, 1360.61, "T", "SMD", "EUART_GND", "", "R", 39.37, 133.86, 0, 90],
		[277, "U1_2", 2061.51, 1281.87, "T", "SMD", "EUART_3.3V", "", "R", 39.37, 133.86, 0, 90],
		[278, "U1_3", 2061.51, 1203.13, "T", "SMD", "EUART_TXD", "", "R", 39.37, 133.86, 0, 90],
		[279, "U1_4", 2061.51, 1124.39, "T", "SMD", "EUART_RXD", "", "R", 39.37, 133.86, 0, 90],
		[280, "U1_5", 1813.49, 1033.84, "T", "SMD", "EUART_GND", "", "R", 59.05, 141.73, 0, 90],
		[281, "U1_6", 1813.49, 1451.16, "T", "SMD", "EUART_GND", "", "R", 59.05, 141.73, 0, 90],
		[282, "U2_1", 1881.89, 440.99, "B", "SMD", "GROVE_GND", "", "R", 39.37, 133.86, 0, 180],
		[283, "U2_2", 1960.63, 440.99, "B", "SMD", "GROVE_3.3V", "", "R", 39.37, 133.86, 0, 180],
		[284, "U2_3", 2039.37, 440.99, "B", "SMD", "GROVE_SDA", "", "R", 39.37, 133.86, 0, 180],
		[285, "U2_4", 2118.11, 440.99, "B", "SMD", "GROVE_SCL", "", "R", 39.37, 133.86, 0, 180],
		[286, "U2_5", 2208.66, 689.01, "B", "SMD", "GROVE_GND", "", "R", 59.05, 141.73, 0, 180],
		[287, "U2_6", 1791.34, 689.01, "B", "SMD", "GROVE_GND", "", "R", 59.05, 141.73, 0, 180],
		[288, "U4_1", 1136.2, 415.31, "T", "SMD", "3.3V", "", "R", 19.88, 11.02, 0, 180],
		[289, "U4_2", 1136.2, 435, "T", "SMD", "$1N12524", "", "R", 19.88, 11.02, 0, 180],
		[290, "U4_3", 1136.2, 454.69, "T", "SMD", "GND", "GND", "R", 19.88, 11.02, 0, 180],
		[291, "U4_4", 1023.8, 454.69, "T", "SMD", "SDA", "", "R", 19.88, 11.02, 0, 180],
		[292, "U4_5", 1023.8, 435, "T", "SMD", "$1N12564", "", "R", 19.88, 11.02, 0, 180],
		[293, "U4_6", 1023.8, 415.31, "T", "SMD", "SCL", "", "R", 19.88, 11.02, 0, 180],
		[294, "U4_7", 1080, 435, "T", "SMD", "U4_7", "", "R", 59.05, 47.24, 0, 180],
		[295, "U11_1", 745.12, 582.76, "B", "SMD", "GND", "GND", "O", 17.64, 35.43, 0, 90],
		[296, "U11_2", 745.12, 614.25, "B", "SMD", "CS1", "", "O", 17.64, 35.43, 0, 90],
		[297, "U11_3", 745.12, 645.75, "B", "SMD", "MOSI", "", "O", 17.64, 35.43, 0, 90],
		[298, "U11_4", 745.12, 677.24, "B", "SMD", "SCLK", "", "O", 17.64, 35.43, 0, 90],
		[299, "U11_5", 634.88, 677.24, "B", "SMD", "MISO", "", "O", 17.64, 35.43, 0, 90],
		[300, "U11_6", 634.88, 645.75, "B", "SMD", "3.3V", "", "O", 17.64, 35.43, 0, 90],
		[301, "U11_7", 634.88, 614.25, "B", "SMD", "GND", "GND", "O", 17.64, 35.43, 0, 90],
		[302, "U11_8", 634.88, 582.76, "B", "SMD", "3.3V", "", "O", 17.64, 35.43, 0, 90],
		[303, "U12_1", 538.07, 1374.37, "B", "SMD", "GND", "GND", "O", 11.02, 63.78, 0, 270],
		[304, "U12_2", 538.07, 1354.68, "B", "SMD", "GND", "GND", "O", 11.02, 63.78, 0, 270],
		[305, "U12_3", 538.07, 1335, "B", "SMD", "$1N9067", "", "O", 11.02, 63.78, 0, 270],
		[306, "U12_4", 538.07, 1315.31, "B", "SMD", "SDA1", "", "O", 11.02, 63.78, 0, 270],
		[307, "U12_5", 538.07, 1295.63, "B", "SMD", "SCL1", "", "O", 11.02, 63.78, 0, 270],
		[308, "U12_6", 371.93, 1295.63, "B", "SMD", "3.3V", "", "O", 11.02, 63.78, 0, 270],
		[309, "U12_7", 371.93, 1315.31, "B", "SMD", "GND", "GND", "O", 11.02, 63.78, 0, 270],
		[310, "U12_8", 371.93, 1335, "B", "SMD", "VIN+", "", "O", 11.02, 63.78, 0, 270],
		[311, "U12_9", 371.93, 1354.68, "B", "SMD", "VOUT+", "", "O", 11.02, 63.78, 0, 270],
		[312, "U12_10", 371.93, 1374.37, "B", "SMD", "VIN+", "", "O", 11.02, 63.78, 0, 270],
		[313, "U16_1", 1415.42, 312.4, "B", "SMD", "V_OUT", "", "R", 19.29, 45.55, 0, 270],
		[314, "U16_2", 1415.42, 275, "B", "SMD", "GND", "GND", "R", 19.29, 45.55, 0, 270],
		[315, "U16_3", 1415.42, 237.6, "B", "SMD", "3.3V_EN", "", "R", 19.29, 45.55, 0, 270],
		[316, "U16_4", 1324.58, 237.6, "B", "SMD", "U16_4", "", "R", 19.29, 46.26, 0, 270],
		[317, "U16_5", 1324.58, 312.4, "B", "SMD", "3.3V", "", "R", 19.29, 46.26, 0, 270],
		[318, "U17_1", 1082.56, 220.94, "B", "SMD", "$1N5288", "", "R", 43.31, 27.56, 0, 90],
		[319, "U17_2", 1119.96, 220.94, "B", "SMD", "GND", "GND", "R", 43.31, 27.56, 0, 90],
		[320, "U17_3", 1157.44, 220.94, "B", "SMD", "VBAT", "", "R", 43.31, 27.56, 0, 90],
		[321, "U17_4", 1157.44, 119.06, "B", "SMD", "VIN", "", "R", 43.31, 27.56, 0, 270],
		[322, "U17_5", 1082.64, 119.06, "B", "SMD", "$1N4694", "", "R", 43.31, 27.56, 0, 270],
		[323, "U18_1", 566.48, 328.05, "T", "SMD", "MISO", "", "R", 26.57, 11.02, 0, 180],
		[324, "U18_2", 566.48, 347.74, "T", "SMD", "U18_2", "", "R", 26.57, 11.02, 0, 180],
		[325, "U18_3", 566.48, 367.42, "T", "SMD", "U18_3", "", "R", 26.57, 11.02, 0, 180],
		[326, "U18_4", 566.48, 387.11, "T", "SMD", "INT1", "", "R", 26.57, 11.02, 0, 180],
		[327, "U18_5", 536.48, 397.44, "T", "SMD", "$1N23529", "", "R", 11.02, 26.57, 0, 180],
		[328, "U18_6", 516.8, 397.44, "T", "SMD", "GND", "GND", "R", 11.02, 26.57, 0, 180],
		[329, "U18_7", 497.11, 397.44, "T", "SMD", "GND", "GND", "R", 11.02, 26.57, 0, 180],
		[330, "U18_8", 467.11, 387.11, "T", "SMD", "3.3V", "", "R", 26.57, 11.02, 0, 180],
		[331, "U18_9", 467.11, 367.42, "T", "SMD", "U18_9", "", "R", 26.57, 11.02, 0, 180],
		[332, "U18_10", 467.11, 347.74, "T", "SMD", "U18_10", "", "R", 26.57, 11.02, 0, 180],
		[333, "U18_11", 467.11, 328.05, "T", "SMD", "GND", "GND", "R", 26.57, 11.02, 0, 180],
		[334, "U18_12", 497.11, 317.72, "T", "SMD", "CS", "", "R", 11.02, 26.57, 0, 180],
		[335, "U18_13", 516.8, 317.72, "T", "SMD", "SCLK", "", "R", 11.02, 26.57, 0, 180],
		[336, "U18_14", 536.48, 317.72, "T", "SMD", "MOSI", "", "R", 11.02, 26.57, 0, 180],
		[337, "U19_1", 974.82, 394.23, "T", "SMD", "SCL", "", "R", 9.84, 17.72, 0, 270],
		[338, "U19_2", 974.82, 413.92, "T", "SMD", "3.3V", "", "R", 9.84, 17.72, 0, 270],
		[339, "U19_3", 974.82, 433.6, "T", "SMD", "U19_3", "", "R", 9.84, 17.72, 0, 270],
		[340, "U19_4", 974.82, 453.29, "T", "SMD", "3.3V", "", "R", 9.84, 17.72, 0, 270],
		[341, "U19_5", 954.62, 473.48, "T", "SMD", "U19_5", "", "R", 9.84, 17.72, 0, 180],
		[342, "U19_6", 934.93, 473.48, "T", "SMD", "U19_6", "", "R", 9.84, 17.72, 0, 180],
		[343, "U19_7", 915.25, 473.48, "T", "SMD", "U19_7", "", "R", 9.84, 17.72, 0, 180],
		[344, "U19_8", 895.56, 473.48, "T", "SMD", "$1N6282", "", "R", 9.84, 17.72, 0, 180],
		[345, "U19_9", 875.37, 453.28, "T", "SMD", "GND", "GND", "R", 9.84, 17.72, 0, 270],
		[346, "U19_10", 875.37, 433.59, "T", "SMD", "$1N6161", "", "R", 9.84, 17.72, 0, 270],
		[347, "U19_11", 875.37, 413.91, "T", "SMD", "GND", "GND", "R", 9.84, 17.72, 0, 270],
		[348, "U19_12", 875.37, 394.22, "T", "SMD", "SETC", "", "R", 9.84, 17.72, 0, 270],
		[349, "U19_13", 895.57, 374.03, "T", "SMD", "3.3V", "", "R", 9.84, 17.72, 0, 180],
		[350, "U19_14", 915.26, 374.03, "T", "SMD", "U19_14", "", "R", 9.84, 17.72, 0, 180],
		[351, "U19_15", 934.94, 374.03, "T", "SMD", "U19_15", "", "R", 9.84, 17.72, 0, 180],
		[352, "U19_16", 954.63, 374.03, "T", "SMD", "SDA", "", "R", 9.84, 17.72, 0, 180],
		[353, "U27_1", 1547.4, 849.7, "T", "SMD", "GND", "GND", "P", 39.4, 23.6, 0, 90],
		[354, "U27_2", 1547.4, 889.1, "T", "SMD", "U27_2", "", "P", 39.4, 23.7, 0, 90],
		[355, "U27_3", 1547.4, 929.7, "T", "SMD", "I2S_WS", "", "P", 39.4, 23.6, 0, 90],
		[356, "U27_4", 1547.4, 969.1, "T", "SMD", "3.3V", "", "P", 39.4, 23.7, 0, 90],
		[357, "U27_5", 1472.6, 969.1, "T", "SMD", "GND", "GND", "P", 39.4, 23.7, 0, 90],
		[358, "U27_6", 1472.6, 929.7, "T", "SMD", "I2S_SCK", "", "P", 39.4, 23.6, 0, 90],
		[359, "U27_7", 1472.6, 889.1, "T", "SMD", "I2S_DAT", "", "P", 39.4, 23.7, 0, 90],
		[360, "U27_8", 1472.6, 849.7, "T", "SMD", "3.3V", "", "P", 39.4, 23.6, 0, 90],
		[361, "U28_1", 1377.77, 1270.22, "B", "SMD", "U28_1", "", "R", 11.02, 27.56, 0, 90],
		[362, "U28_2", 1377.77, 1250.52, "B", "SMD", "GND", "GND", "R", 11.02, 27.56, 0, 90],
		[363, "U28_3", 1377.77, 1230.84, "B", "SMD", "D+", "", "R", 11.02, 27.56, 0, 90],
		[364, "U28_4", 1377.77, 1211.15, "B", "SMD", "D-", "", "R", 11.02, 27.56, 0, 90],
		[365, "U28_5", 1377.77, 1191.47, "B", "SMD", "3.3V", "", "R", 11.02, 27.56, 0, 90],
		[366, "U28_6", 1377.77, 1171.79, "B", "SMD", "3.3V", "", "R", 11.02, 27.56, 0, 90],
		[367, "U28_7", 1350.22, 1144.22, "B", "SMD", "VIN", "", "R", 11.02, 27.56, 0, 0],
		[368, "U28_8", 1330.53, 1144.22, "B", "SMD", "VIN", "", "R", 11.02, 27.56, 0, 0],
		[369, "U28_9", 1310.84, 1144.22, "B", "SMD", "U28_9", "", "R", 11.02, 27.56, 0, 0],
		[370, "U28_10", 1291.16, 1144.22, "B", "SMD", "U28_10", "", "R", 11.02, 27.56, 0, 0],
		[371, "U28_11", 1271.47, 1144.22, "B", "SMD", "U28_11", "", "R", 11.02, 27.56, 0, 0],
		[372, "U28_12", 1251.79, 1144.22, "B", "SMD", "U28_12", "", "R", 11.02, 27.56, 0, 0],
		[373, "U28_13", 1224.23, 1171.78, "B", "SMD", "U28_13", "", "R", 11.02, 27.56, 0, 270],
		[374, "U28_14", 1224.23, 1191.47, "B", "SMD", "U28_14", "", "R", 11.02, 27.56, 0, 270],
		[375, "U28_15", 1224.23, 1211.15, "B", "SMD", "U28_15", "", "R", 11.02, 27.56, 0, 270],
		[376, "U28_16", 1224.23, 1230.84, "B", "SMD", "U28_16", "", "R", 11.02, 27.56, 0, 270],
		[377, "U28_17", 1224.23, 1250.52, "B", "SMD", "U28_17", "", "R", 11.02, 27.56, 0, 270],
		[378, "U28_18", 1224.23, 1270.21, "B", "SMD", "U28_18", "", "R", 11.02, 27.56, 0, 270],
		[379, "U28_19", 1251.79, 1297.78, "B", "SMD", "RTS", "", "R", 11.02, 27.56, 0, 180],
		[380, "U28_20", 1271.47, 1297.78, "B", "SMD", "ESP_TXD", "", "R", 11.02, 27.56, 0, 180],
		[381, "U28_21", 1291.16, 1297.78, "B", "SMD", "ESP_RXD", "", "R", 11.02, 27.56, 0, 180],
		[382, "U28_22", 1310.84, 1297.78, "B", "SMD", "U28_22", "", "R", 11.02, 27.56, 0, 180],
		[383, "U28_23", 1330.53, 1297.78, "B", "SMD", "DTR", "", "R", 11.02, 27.56, 0, 180],
		[384, "U28_24", 1350.22, 1297.78, "B", "SMD", "U28_24", "", "R", 11.02, 27.56, 0, 180],
		[385, "U28_25", 1301, 1221, "B", "SMD", "GND", "GND", "R", 98.42, 98.42, 0, 180],
		[386, "U29_1", 488.19, 1360.19, "T", "SMD", "GND", "GND", "R", 59.05, 35.43, 0, 0],
		[387, "U29_2", 488.19, 1310.19, "T", "SMD", "3.3V", "", "R", 59.05, 35.43, 0, 0],
		[388, "U29_3", 488.19, 1260.19, "T", "SMD", "ESP_RST", "", "R", 59.05, 35.43, 0, 0],
		[389, "U29_4", 488.19, 1210.19, "T", "SMD", "SDA1", "", "R", 59.05, 35.43, 0, 0],
		[390, "U29_5", 488.19, 1160.19, "T", "SMD", "SCL1", "", "R", 59.05, 35.43, 0, 0],
		[391, "U29_6", 488.19, 1110.19, "T", "SMD", "SDA", "", "R", 59.05, 35.43, 0, 0],
		[392, "U29_7", 488.19, 1060.19, "T", "SMD", "SCL", "", "R", 59.05, 35.43, 0, 0],
		[393, "U29_8", 488.19, 1010.19, "T", "SMD", "INT1", "", "R", 59.05, 35.43, 0, 0],
		[394, "U29_9", 488.19, 960.19, "T", "SMD", "HEAT", "", "R", 59.05, 35.43, 0, 0],
		[395, "U29_10", 488.19, 910.19, "T", "SMD", "TXD", "", "R", 59.05, 35.43, 0, 0],
		[396, "U29_11", 488.19, 860.19, "T", "SMD", "RXD", "", "R", 59.05, 35.43, 0, 0],
		[397, "U29_12", 488.19, 810.19, "T", "SMD", "LED", "", "R", 59.05, 35.43, 0, 0],
		[398, "U29_13", 488.19, 760.19, "T", "SMD", "ESP_D-", "", "R", 59.05, 35.43, 0, 0],
		[399, "U29_14", 488.19, 710.19, "T", "SMD", "ESP_D+", "", "R", 59.05, 35.43, 0, 0],
		[400, "U29_15", 557.68, 659.81, "T", "SMD", "VBAT_AD", "", "R", 59.05, 35.43, 0, 90],
		[401, "U29_16", 607.68, 659.81, "T", "SMD", "$1N33198", "", "R", 59.05, 35.43, 0, 90],
		[402, "U29_17", 657.68, 659.81, "T", "SMD", "CS", "", "R", 59.05, 35.43, 0, 90],
		[403, "U29_18", 707.68, 659.81, "T", "SMD", "CS2", "", "R", 59.05, 35.43, 0, 90],
		[404, "U29_19", 757.68, 659.81, "T", "SMD", "MOSI", "", "R", 59.05, 35.43, 0, 90],
		[405, "U29_20", 807.68, 659.81, "T", "SMD", "SCLK", "", "R", 59.05, 35.43, 0, 90],
		[406, "U29_21", 857.68, 659.81, "T", "SMD", "MISO", "", "R", 59.05, 35.43, 0, 90],
		[407, "U29_22", 907.68, 659.81, "T", "SMD", "CS1", "", "R", 59.05, 35.43, 0, 90],
		[408, "U29_23", 957.68, 659.81, "T", "SMD", "KEY", "", "R", 59.05, 35.43, 0, 90],
		[409, "U29_24", 1007.68, 659.81, "T", "SMD", "I2S1_DAT", "", "R", 59.05, 35.43, 0, 90],
		[410, "U29_25", 1057.68, 659.81, "T", "SMD", "I2S1_SCK", "", "R", 59.05, 35.43, 0, 90],
		[411, "U29_26", 1107.68, 660.99, "T", "SMD", "I2S1_WS", "", "R", 59.05, 35.43, 0, 90],
		[412, "U29_27", 1177.17, 710.19, "T", "SMD", "ESP_IO0", "", "R", 59.05, 35.43, 0, 180],
		[413, "U29_28", 1177.17, 760.19, "T", "SMD", "U29_28", "", "R", 59.05, 35.43, 0, 180],
		[414, "U29_29", 1177.17, 810.19, "T", "SMD", "U29_29", "", "R", 59.05, 35.43, 0, 180],
		[415, "U29_30", 1177.17, 860.19, "T", "SMD", "U29_30", "", "R", 59.05, 35.43, 0, 180],
		[416, "U29_31", 1177.17, 910.19, "T", "SMD", "DATA0", "", "R", 59.05, 35.43, 0, 180],
		[417, "U29_32", 1177.17, 960.19, "T", "SMD", "SD_CMD", "", "R", 59.05, 35.43, 0, 180],
		[418, "U29_33", 1177.17, 1010.19, "T", "SMD", "SD_SCLK", "", "R", 59.05, 35.43, 0, 180],
		[419, "U29_34", 1177.17, 1060.19, "T", "SMD", "I2S_SCK", "", "R", 59.05, 35.43, 0, 180],
		[420, "U29_35", 1177.17, 1110.19, "T", "SMD", "I2S_WS", "", "R", 59.05, 35.43, 0, 180],
		[421, "U29_36", 1177.17, 1160.19, "T", "SMD", "ESP_RXD", "", "R", 59.05, 35.43, 0, 180],
		[422, "U29_37", 1177.17, 1210.19, "T", "SMD", "ESP_TXD", "", "R", 59.05, 35.43, 0, 180],
		[423, "U29_38", 1177.17, 1260.19, "T", "SMD", "I2S_DAT", "", "R", 59.05, 35.43, 0, 180],
		[424, "U29_39", 1177.17, 1310.19, "T", "SMD", "BUZZER", "", "R", 59.05, 35.43, 0, 180],
		[425, "U29_40", 1177.17, 1360.19, "T", "SMD", "GND", "GND", "R", 59.05, 35.43, 0, 180],
		[426, "U29_41", 828.74, 1001.13, "T", "SMD", "GND", "GND", "R", 35.43, 35.43, 0, 90],
		[427, "U29_41", 773.62, 1001.13, "T", "SMD", "GND", "GND", "R", 35.43, 35.43, 0, 90],
		[428, "U29_41", 718.5, 1001.13, "T", "SMD", "GND", "GND", "R", 35.43, 35.43, 0, 90],
		[429, "U29_41", 718.5, 1111.38, "T", "SMD", "GND", "GND", "R", 35.43, 35.43, 0, 90],
		[430, "U29_41", 773.62, 1111.38, "T", "SMD", "GND", "GND", "R", 35.43, 35.43, 0, 90],
		[431, "U29_41", 828.74, 1111.38, "T", "SMD", "GND", "GND", "R", 35.43, 35.43, 0, 90],
		[432, "U29_41", 828.74, 1056.26, "T", "SMD", "GND", "GND", "R", 35.43, 35.43, 0, 90],
		[433, "U29_41", 718.5, 1056.26, "T", "SMD", "GND", "GND", "R", 35.43, 35.43, 0, 90],
		[434, "U29_41", 773.62, 1056.26, "T", "SMD", "GND", "GND", "R", 35.43, 35.43, 0, 90],
		[435, "U32_1", -824.84, 1528.16, "T", "DIP", "EI2S_3.3V", "", "R", 66.93, 66.93, 43.31, 0],
		[436, "U32_1", -824.84, 1528.16, "B", "DIP", "EI2S_3.3V", "", "R", 66.93, 66.93, 43.31, 0],
		[437, "U32_2", -724.84, 1528.16, "T", "DIP", "EI2S_GND", "", "C", 66.93, 66.93, 43.31, 0],
		[438, "U32_2", -724.84, 1528.16, "B", "DIP", "EI2S_GND", "", "C", 66.93, 66.93, 43.31, 0],
		[439, "U32_3", -624.84, 1528.16, "T", "DIP", "E12S_SD", "", "C", 66.93, 66.93, 43.31, 0],
		[440, "U32_3", -624.84, 1528.16, "B", "DIP", "E12S_SD", "", "C", 66.93, 66.93, 43.31, 0],
		[441, "U32_4", -524.84, 1528.16, "T", "DIP", "E12S_GAIN", "", "C", 66.93, 66.93, 43.31, 0],
		[442, "U32_4", -524.84, 1528.16, "B", "DIP", "E12S_GAIN", "", "C", 66.93, 66.93, 43.31, 0],
		[443, "U32_5", -424.84, 1528.16, "T", "DIP", "EI2S_WS", "", "C", 66.93, 66.93, 43.31, 0],
		[444, "U32_5", -424.84, 1528.16, "B", "DIP", "EI2S_WS", "", "C", 66.93, 66.93, 43.31, 0],
		[445, "U32_6", -324.84, 1528.16, "T", "DIP", "EI2S_SCK", "", "C", 66.93, 66.93, 43.31, 0],
		[446, "U32_6", -324.84, 1528.16, "B", "DIP", "EI2S_SCK", "", "C", 66.93, 66.93, 43.31, 0],
		[447, "U32_7", -224.84, 1528.16, "T", "DIP", "EI2S_DAT", "", "C", 66.93, 66.93, 43.31, 0],
		[448, "U32_7", -224.84, 1528.16, "B", "DIP", "EI2S_DAT", "", "C", 66.93, 66.93, 43.31, 0],
		[449, "U33_1", -504.84, 1033.16, "T", "DIP", "EI2S_SCK", "", "R", 74.8, 62, 43.31, 270],
		[450, "U33_1", -504.84, 1033.16, "B", "DIP", "EI2S_SCK", "", "R", 74.8, 62, 43.31, 270],
		[451, "U33_2", -604.84, 1033.16, "T", "DIP", "EI2S_WS", "", "C", 74.8, 74.8, 43.31, 180],
		[452, "U33_2", -604.84, 1033.16, "B", "DIP", "EI2S_WS", "", "C", 74.8, 74.8, 43.31, 180],
		[453, "U33_3", -704.84, 1033.16, "T", "DIP", "EI2S_GND", "", "C", 74.8, 74.8, 43.31, 180],
		[454, "U33_3", -704.84, 1033.16, "B", "DIP", "EI2S_GND", "", "C", 74.8, 74.8, 43.31, 180],
		[455, "U33_4", -504.84, 1343.16, "T", "DIP", "EI2S_DAT", "", "C", 74.8, 74.8, 43.31, 180],
		[456, "U33_4", -504.84, 1343.16, "B", "DIP", "EI2S_DAT", "", "C", 74.8, 74.8, 43.31, 180],
		[457, "U33_5", -604.84, 1343.16, "T", "DIP", "EI2S_3.3V", "", "C", 74.8, 74.8, 43.31, 90],
		[458, "U33_5", -604.84, 1343.16, "B", "DIP", "EI2S_3.3V", "", "C", 74.8, 74.8, 43.31, 90],
		[459, "U33_6", -704.84, 1343.16, "T", "DIP", "EI2S_GND", "", "C", 74.8, 74.8, 43.31, 90],
		[460, "U33_6", -704.84, 1343.16, "B", "DIP", "EI2S_GND", "", "C", 74.8, 74.8, 43.31, 90],
		[461, "U34_1", 1960.95, 531.93, "T", "SMD", "GROVE_SDA", "", "R", 19.68, 66.93, 0, 0],
		[462, "U34_2", 2000.32, 531.93, "T", "SMD", "GROVE_SCL", "", "R", 19.68, 66.93, 0, 0],
		[463, "U34_3", 2039.69, 531.93, "T", "SMD", "GROVE_GND", "", "R", 19.68, 66.93, 0, 0],
		[464, "U34_4", 2079.06, 531.93, "T", "SMD", "GROVE_3.3V", "", "R", 19.68, 66.93, 0, 0],
		[465, "U34_5", 2122.36, 398.07, "T", "SMD", "GROVE_GND", "", "R", 47.24, 98.42, 0, 0],
		[466, "U34_6", 1917.64, 398.07, "T", "SMD", "GROVE_GND", "", "R", 47.24, 98.42, 0, 0],
		[467, "U35_1", -256.77, 1401.89, "B", "SMD", "EI2S_DAT", "", "R", 19.68, 66.93, 0, 270],
		[468, "U35_2", -256.77, 1362.52, "B", "SMD", "EI2S_SCK", "", "R", 19.68, 66.93, 0, 270],
		[469, "U35_3", -256.77, 1323.15, "B", "SMD", "EI2S_WS", "", "R", 19.68, 66.93, 0, 270],
		[470, "U35_4", -256.77, 1283.78, "B", "SMD", "EI2S_GND", "", "R", 19.68, 66.93, 0, 270],
		[471, "U35_5", -256.77, 1244.41, "B", "SMD", "EI2S_3.3V", "", "R", 19.68, 66.93, 0, 270],
		[472, "U35_6", -122.91, 1201.11, "B", "SMD", "EI2S_GND", "", "R", 47.24, 98.42, 0, 270],
		[473, "U35_7", -122.91, 1445.2, "B", "SMD", "EI2S_GND", "", "R", 47.24, 98.42, 0, 270],
		[474, "UART_1", 1406.49, 1114.01, "T", "SMD", "GND", "GND", "R", 21.65, 43.31, 0, 90],
		[475, "UART_2", 1406.49, 1145.52, "T", "SMD", "VIN", "", "R", 21.65, 43.31, 0, 90],
		[476, "UART_3", 1406.49, 1171.11, "T", "SMD", "UART_3", "", "R", 11.81, 43.31, 0, 90],
		[477, "UART_4", 1406.49, 1190.8, "T", "SMD", "$1N18150", "", "R", 11.81, 43.31, 0, 90],
		[478, "UART_5", 1406.49, 1210.47, "T", "SMD", "D-", "", "R", 11.81, 43.31, 0, 90],
		[479, "UART_6", 1406.49, 1230.15, "T", "SMD", "D+", "", "R", 11.81, 43.31, 0, 90],
		[480, "UART_7", 1406.49, 1249.85, "T", "SMD", "D-", "", "R", 11.81, 43.31, 0, 90],
		[481, "UART_8", 1406.49, 1269.53, "T", "SMD", "D+", "", "R", 11.81, 43.31, 0, 90],
		[482, "UART_9", 1406.49, 1289.22, "T", "SMD", "UART_9", "", "R", 11.81, 43.31, 0, 90],
		[483, "UART_10", 1406.49, 1308.9, "T", "SMD", "$1N18154", "", "R", 11.81, 43.31, 0, 90],
		[484, "UART_11", 1406.49, 1334.49, "T", "SMD", "VIN", "", "R", 21.65, 43.31, 0, 90],
		[485, "UART_12", 1406.49, 1365.99, "T", "SMD", "GND", "GND", "R", 21.65, 43.31, 0, 90],
		[486, "UART_13", 1428.14, 1069.72, "T", "DIP", "GND", "GND", "O", 43.31, 78.74, 59.05, 90],
		[487, "UART_13", 1428.14, 1069.72, "B", "DIP", "GND", "GND", "O", 43.31, 78.74, 59.05, 90],
		[488, "UART_13", 1593.51, 1069.72, "T", "DIP", "GND", "GND", "O", 47.24, 70.87, 47.24, 90],
		[489, "UART_13", 1593.51, 1069.72, "B", "DIP", "GND", "GND", "O", 47.24, 70.87, 47.24, 90],
		[490, "UART_14", 1428.14, 1410.27, "T", "DIP", "GND", "GND", "O", 43.31, 78.74, 59.06, 90],
		[491, "UART_14", 1428.14, 1410.27, "B", "DIP", "GND", "GND", "O", 43.31, 78.74, 59.06, 90],
		[492, "UART_14", 1593.51, 1410.27, "T", "DIP", "GND", "GND", "O", 47.24, 70.87, 47.24, 90],
		[493, "UART_14", 1593.51, 1410.27, "B", "DIP", "GND", "GND", "O", 47.24, 70.87, 47.24, 90],
		[494, "USB_1", 240.5, 480.99, "T", "SMD", "GND", "GND", "R", 21.65, 43.31, 0, 270],
		[495, "USB_2", 240.5, 449.48, "T", "SMD", "VIN", "", "R", 21.65, 43.31, 0, 270],
		[496, "USB_3", 240.5, 423.89, "T", "SMD", "USB_3", "", "R", 11.81, 43.31, 0, 270],
		[497, "USB_4", 240.5, 404.21, "T", "SMD", "$1N25668", "", "R", 11.81, 43.31, 0, 270],
		[498, "USB_5", 240.5, 384.52, "T", "SMD", "ESP_D-", "", "R", 11.81, 43.31, 0, 270],
		[499, "USB_6", 240.5, 364.84, "T", "SMD", "ESP_D+", "", "R", 11.81, 43.31, 0, 270],
		[500, "USB_7", 240.5, 345.16, "T", "SMD", "ESP_D-", "", "R", 11.81, 43.31, 0, 270],
		[501, "USB_8", 240.5, 325.48, "T", "SMD", "ESP_D+", "", "R", 11.81, 43.31, 0, 270],
		[502, "USB_9", 240.5, 305.79, "T", "SMD", "USB_9", "", "R", 11.81, 43.31, 0, 270],
		[503, "USB_10", 240.5, 286.1, "T", "SMD", "$1N25676", "", "R", 11.81, 43.31, 0, 270],
		[504, "USB_11", 240.5, 260.5, "T", "SMD", "VIN", "", "R", 21.65, 43.31, 0, 270],
		[505, "USB_12", 240.5, 229.01, "T", "SMD", "GND", "GND", "R", 21.65, 43.31, 0, 270],
		[506, "USB_13", 218.86, 525.28, "T", "DIP", "GND", "GND", "O", 43.31, 78.74, 59.05, 270],
		[507, "USB_13", 218.86, 525.28, "B", "DIP", "GND", "GND", "O", 43.31, 78.74, 59.05, 270],
		[508, "USB_13", 53.49, 525.28, "T", "DIP", "GND", "GND", "O", 47.24, 70.87, 47.24, 270],
		[509, "USB_13", 53.49, 525.28, "B", "DIP", "GND", "GND", "O", 47.24, 70.87, 47.24, 270],
		[510, "USB_14", 218.86, 184.72, "T", "DIP", "GND", "GND", "O", 43.31, 78.74, 59.06, 270],
		[511, "USB_14", 218.86, 184.72, "B", "DIP", "GND", "GND", "O", 43.31, 78.74, 59.06, 270],
		[512, "USB_14", 53.5, 184.72, "T", "DIP", "GND", "GND", "O", 47.24, 70.87, 47.24, 270],
		[513, "USB_14", 53.5, 184.72, "B", "DIP", "GND", "GND", "O", 47.24, 70.87, 47.24, 270],
		[514, "VIN+_1", 285, 1409.2, "T", "DIP", "VIN+", "", "C", 60, 60, 39.4, 270],
		[515, "VIN+_1", 285, 1409.2, "B", "DIP", "VIN+", "", "C", 60, 60, 39.4, 270],
		[516, "VIN+_2", 285, 1310.8, "T", "DIP", "GND", "GND", "C", 60, 60, 39.4, 270],
		[517, "VIN+_2", 285, 1310.8, "B", "DIP", "GND", "GND", "C", 60, 60, 39.4, 270],
		[518, "vout+_1", 285, 1099.2, "T", "DIP", "VOUT+", "", "C", 60, 60, 39.4, 270],
		[519, "vout+_1", 285, 1099.2, "B", "DIP", "VOUT+", "", "C", 60, 60, 39.4, 270],
		[520, "vout+_2", 285, 1000.8, "T", "DIP", "GND", "GND", "C", 60, 60, 39.4, 270],
		[521, "vout+_2", 285, 1000.8, "B", "DIP", "GND", "GND", "C", 60, 60, 39.4, 270],
		[522, "X2_1", -279.8, 414.74, "T", "SMD", "ESPI_CS", "", "R", 23.62, 67.32, 0, 180],
		[523, "X2_2", -319.17, 414.74, "T", "SMD", "ESPI_MISO", "", "R", 23.62, 67.32, 0, 180],
		[524, "X2_3", -358.54, 414.74, "T", "SMD", "ESPI_MOSI", "", "R", 23.62, 67.32, 0, 180],
		[525, "X2_4", -397.91, 414.74, "T", "SMD", "ESPI_SCLK", "", "R", 23.62, 67.32, 0, 180],
		[526, "X2_5", -437.28, 414.74, "T", "SMD", "ESPI_GND", "", "R", 23.62, 67.32, 0, 180],
		[527, "X2_6", -476.65, 414.74, "T", "SMD", "ESPI_3.3V", "", "R", 23.62, 67.32, 0, 180],
		[528, "X2_7", -520.35, 561.98, "T", "SMD", "ESPI_GND", "", "R", 47.24, 100.39, 0, 180],
		[529, "X2_8", -236.09, 561.98, "T", "SMD", "ESPI_GND", "", "R", 47.24, 100.39, 0, 180]
	]
}
}